{
  "max": [
    2.282032012939453,
    4.200371742248535,
    4.647972106933594
  ],
  "hp": 4900.0,
  "parts": {
    "86344c64-9881-4f46-a81a-7b9a5e8f311f": {
      "material_assembling_progress": 2147483647,
      "render_wireframe": false,
      "sub_parts": {
        "sub_part.machine_max.main": {
          "connector_data": {
            "connector.machine_max.right_front_wheel_chassis": {
              "integrity": 20.0
            }
          },
          "id": 21,
          "durability": 400.0,
          "pos_rot_vel_vel": {
            "position": [
              284.70767,
              -59.26894,
              588.8376
            ],
            "rotation": [
              -0.009749664,
              -0.14913568,
              0.988742,
              0.007262913
            ],
            "linear_vel": [
              -5.686733E-4,
              -2.2277236E-5,
              -3.9369235E-4
            ],
            "angular_vel": [
              -5.3676276E-4,
              -1.15647936E-10,
              -0.001075029
            ]
          }
        }
      },
      "custom_recipe": "machine_max:dayun_wheel",
      "registry_key": "machine_max:dayun_wheel",
      "name": "machine_max.dayun_wheel",
      "uuid": "86344c64-9881-4f46-a81a-7b9a5e8f311f",
      "variant": "right"
    },
    "f846ab86-1e32-40c6-b9a4-552890f711cc": {
      "material_assembling_progress": 2147483647,
      "render_wireframe": false,
      "sub_parts": {
        "sub_part.machine_max.main": {
          "connector_data": {
            "connector.machine_max.chassis_connection": {
              "integrity": 20.0
            }
          },
          "id": 25,
          "durability": 700.0,
          "pos_rot_vel_vel": {
            "position": [
              284.92938,
              -59.2675,
              582.92365
            ],
            "rotation": [
              0.0068840506,
              0.9819174,
              0.18891816,
              0.010036917
            ],
            "linear_vel": [
              -3.922265E-5,
              3.7960708E-5,
              3.1190587E-4
            ],
            "angular_vel": [
              3.637979E-12,
              -1.9866285E-7,
              -4.8713307E-5
            ]
          }
        }
      },
      "custom_recipe": "machine_max:dayun_wheelx2",
      "registry_key": "machine_max:dayun_wheelx2",
      "name": "machine_max.dayun_wheelx2",
      "uuid": "f846ab86-1e32-40c6-b9a4-552890f711cc",
      "variant": "right"
    },
    "7537a0c8-c3e0-4fdb-9070-a33613260a0e": {
      "material_assembling_progress": 2147483647,
      "render_wireframe": false,
      "sub_parts": {
        "sub_part.machine_max.main": {
          "texture_name": "print.machine_max.dayun.1",
          "connector_data": {
            "connector.machine_max.chassis_axis": {
              "integrity": 20.0
            },
            "connector.machine_max.chassis_lock": {
              "integrity": 10.0
            }
          },
          "subsystem_data": {
            "subsystem.machine_max.left_seat": {
              "durability": 20.0
            },
            "subsystem.machine_max.car_controller": {
              "durability": 700.0
            },
            "subsystem.machine_max.right_seat": {
              "durability": 20.0
            }
          },
          "id": 31,
          "durability": 500.0,
          "pos_rot_vel_vel": {
            "position": [
              286.04416,
              -56.391514,
              588.95306
            ],
            "rotation": [
              -1.13554575E-4,
              0.9999508,
              0.0048735742,
              0.008641215
            ],
            "linear_vel": [
              -4.0511286E-4,
              2.1003187E-5,
              0.0013375479
            ],
            "angular_vel": [
              -3.075793E-5,
              8.065559E-5,
              1.6245336E-5
            ]
          }
        }
      },
      "custom_recipe": "machine_max:dayun_hull",
      "registry_key": "machine_max:dayun_hull",
      "name": "machine_max.dayun_hull",
      "uuid": "7537a0c8-c3e0-4fdb-9070-a33613260a0e",
      "variant": "default"
    },
    "6a3543a1-b431-417b-92e2-8a6ed2c865b1": {
      "material_assembling_progress": 2147483647,
      "render_wireframe": false,
      "sub_parts": {
        "sub_part.machine_max.main": {
          "connector_data": {
            "connector.machine_max.chassis_connection": {
              "integrity": 20.0
            }
          },
          "id": 19,
          "durability": 400.0,
          "pos_rot_vel_vel": {
            "position": [
              287.43445,
              -59.268925,
              588.8847
            ],
            "rotation": [
              -0.006218783,
              -0.2529248,
              0.9674068,
              -0.010695988
            ],
            "linear_vel": [
              5.0258415E-5,
              -8.054823E-5,
              -6.829069E-4
            ],
            "angular_vel": [
              -6.4224843E-4,
              3.632349E-8,
              8.4488455E-4
            ]
          }
        }
      },
      "custom_recipe": "machine_max:dayun_wheel",
      "registry_key": "machine_max:dayun_wheel",
      "name": "machine_max.dayun_wheel",
      "uuid": "6a3543a1-b431-417b-92e2-8a6ed2c865b1",
      "variant": "left"
    },
    "049cf5e7-b802-4743-958d-c5f45e97cb67": {
      "material_assembling_progress": 2147483647,
      "render_wireframe": false,
      "sub_parts": {
        "sub_part.machine_max.main": {
          "connector_data": {
            "connector.machine_max.chassis_connection": {
              "integrity": 20.0
            }
          },
          "id": 27,
          "durability": 700.0,
          "pos_rot_vel_vel": {
            "position": [
              287.4172,
              -59.267483,
              582.9667
            ],
            "rotation": [
              -0.011885333,
              0.8793706,
              0.4759767,
              0.0034880491
            ],
            "linear_vel": [
              -1.2336561E-5,
              4.721433E-5,
              3.4523313E-5
            ],
            "angular_vel": [
              3.637979E-12,
              3.224135E-7,
              4.114181E-4
            ]
          }
        }
      },
      "custom_recipe": "machine_max:dayun_wheelx2",
      "registry_key": "machine_max:dayun_wheelx2",
      "name": "machine_max.dayun_wheelx2",
      "uuid": "049cf5e7-b802-4743-958d-c5f45e97cb67",
      "variant": "left"
    },
    "fd37eec4-98ee-4f85-9975-fb93657dd407": {
      "material_assembling_progress": 2147483647,
      "render_wireframe": false,
      "sub_parts": {
        "sub_part.machine_max.main": {
          "connector_data": {
            "connector.machine_max.chassis_connection": {
              "integrity": 20.0
            }
          },
          "id": 23,
          "durability": 700.0,
          "pos_rot_vel_vel": {
            "position": [
              284.90024,
              -59.26843,
              584.611
            ],
            "rotation": [
              0.008212693,
              0.9987721,
              0.048027106,
              0.008960447
            ],
            "linear_vel": [
              -5.933262E-4,
              -2.7135015E-5,
              -2.011939E-4
            ],
            "angular_vel": [
              -2.61705E-4,
              2.1660979E-11,
              -7.7104534E-4
            ]
          }
        }
      },
      "custom_recipe": "machine_max:dayun_wheelx2",
      "registry_key": "machine_max:dayun_wheelx2",
      "name": "machine_max.dayun_wheelx2",